ID,Name,w_MeOH,w_PBE0_SMD_DCM,w_B3LYP_SMD_DCM,w_SMD_MeCN,w_SMD_H2O,w_SMD_DMSO,w_SMD_DCM,w_SMD_THF,fA_N_SMD_DCM_NBO,fA_N_SMD_DCM_Mulliken,fKN_QZVP-B3,fKN_def2SVP,fKN_PBE0,fKM_PBE0,fKN_B3LYP,fKM_B3LYP,fKN_def2QZVP,fKM_def2QZVP,fkM_SMD_MeCN,fkN_SMD_MeCN,fkM_SMD_MeOH,fkN_SMD_MeOH,fkM_SMD_THF,fkN_SMD_THF,fkM_SMD_DMSO,fkN_SMD_DMSO,fkM_SMD_H2O,fkN_SMD_H2O,fkM_SMD_DCM,fkN_SMD_DCM,fkM_PCM_DCM,fkN_PCM_DCM,w_DCM,w_DMSO,w_MeCN,w_H2O,w_B3LYP,w_M062X,w_PBE0,w_wB97XD,w_SMD,fk-M,fk-N,MaxEStateIndex,MinEStateIndex,MaxAbsEStateIndex,MinAbsEStateIndex,qed,MolWt,HeavyAtomMolWt,ExactMolWt,NumValenceElectrons,NumRadicalElectrons,MaxPartialCharge,MinPartialCharge,MaxAbsPartialCharge,MinAbsPartialCharge,FpDensityMorgan1,FpDensityMorgan2,FpDensityMorgan3,BCUT2D_MWHI,BCUT2D_MWLOW,BCUT2D_CHGHI,BCUT2D_CHGLO,BCUT2D_LOGPHI,BCUT2D_LOGPLOW,BCUT2D_MRHI,BCUT2D_MRLOW,BalabanJ,BertzCT,Chi0,Chi0n,Chi0v,Chi1,Chi1n,Chi1v,Chi2n,Chi2v,Chi3n,Chi3v,Chi4n,Chi4v,HallKierAlpha,Ipc,Kappa1,Kappa2,Kappa3,LabuteASA,PEOE_VSA1,PEOE_VSA10,PEOE_VSA11,PEOE_VSA12,PEOE_VSA13,PEOE_VSA14,PEOE_VSA2,PEOE_VSA3,PEOE_VSA4,PEOE_VSA5,PEOE_VSA6,PEOE_VSA7,PEOE_VSA8,PEOE_VSA9,SMR_VSA1,SMR_VSA10,SMR_VSA2,SMR_VSA3,SMR_VSA4,SMR_VSA5,SMR_VSA6,SMR_VSA7,SMR_VSA8,SMR_VSA9,SlogP_VSA1,SlogP_VSA10,SlogP_VSA11,SlogP_VSA12,SlogP_VSA2,SlogP_VSA3,SlogP_VSA4,SlogP_VSA5,SlogP_VSA6,SlogP_VSA7,SlogP_VSA8,SlogP_VSA9,TPSA,EState_VSA1,EState_VSA10,EState_VSA11,EState_VSA2,EState_VSA3,EState_VSA4,EState_VSA5,EState_VSA6,EState_VSA7,EState_VSA8,EState_VSA9,VSA_EState1,VSA_EState10,VSA_EState2,VSA_EState3,VSA_EState4,VSA_EState5,VSA_EState6,VSA_EState7,VSA_EState8,VSA_EState9,FractionCSP3,HeavyAtomCount,NHOHCount,NOCount,NumAliphaticCarbocycles,NumAliphaticHeterocycles,NumAliphaticRings,NumAromaticCarbocycles,NumAromaticHeterocycles,NumAromaticRings,NumHAcceptors,NumHDonors,NumHeteroatoms,NumRotatableBonds,NumSaturatedCarbocycles,NumSaturatedHeterocycles,NumSaturatedRings,RingCount,MolLogP,MolMR,fr_Al_COO,fr_Al_OH,fr_Al_OH_noTert,fr_ArN,fr_Ar_COO,fr_Ar_N,fr_Ar_NH,fr_Ar_OH,fr_COO,fr_COO2,fr_C_O,fr_C_O_noCOO,fr_C_S,fr_HOCCN,fr_Imine,fr_NH0,fr_NH1,fr_NH2,fr_N_O,fr_Ndealkylation1,fr_Ndealkylation2,fr_Nhpyrrole,fr_SH,fr_aldehyde,fr_alkyl_carbamate,fr_alkyl_halide,fr_allylic_oxid,fr_amide,fr_amidine,fr_aniline,fr_aryl_methyl,fr_azide,fr_azo,fr_barbitur,fr_benzene,fr_benzodiazepine,fr_bicyclic,fr_diazo,fr_dihydropyridine,fr_epoxide,fr_ester,fr_ether,fr_furan,fr_guanido,fr_halogen,fr_hdrzine,fr_hdrzone,fr_imidazole,fr_imide,fr_isocyan,fr_isothiocyan,fr_ketone,fr_ketone_Topliss,fr_lactam,fr_lactone,fr_methoxy,fr_morpholine,fr_nitrile,fr_nitro,fr_nitro_arom,fr_nitro_arom_nonortho,fr_nitroso,fr_oxazole,fr_oxime,fr_para_hydroxylation,fr_phenol,fr_phenol_noOrthoHbond,fr_phos_acid,fr_phos_ester,fr_piperdine,fr_piperzine,fr_priamide,fr_prisulfonamd,fr_pyridine,fr_quatN,fr_sulfide,fr_sulfonamd,fr_sulfone,fr_term_acetylene,fr_tetrazole,fr_thiazole,fr_thiocyan,fr_thiophene,fr_unbrch_alkane,fr_urea,Charge,AR,AN,AW,EA,DP,EV,EN,Density,sasa,disp,homo,lumo,Atom,Ato_num1,Ato_num2,Ato_num3,Ele1,Ele2,Ele3,ANN,ENN,spin,BV,
18,"_1,3-dimethyl-1H-imidazol-3-ium-2-yl_boranuidyl_C_NNB.log:",3.284,2.206,2.266,3.326,3.599,3.441,2.345,2.171,-0.01,0.045,0.523,0.514,0.542,0.389,0.523,0.356,0.542,0.458,0.374,0.559,0.373,0.559,0.348,0.536,0.375,0.561,0.378,0.564,0.353,0.541,0.317,0.51,2.02,2.66,2.6,2.74,0.59,0.58,0.57,0.55,2.26,-0.012,0.011,7.463912037,-2.917592593,7.463912037,0.256319444,0.379219393,108.961,98.881,109.0937037,43,0,0,0,0,0,-666,-666,-666,0,0,0,0,0,0,0,0,3.477311869,382.9644262,14.46410162,13.97177746,3.97177746,7.886751346,7.035016459,1.880315921,1.252626081,1.252626081,0.731805687,0.731805687,0.314549722,0.314549722,-0.015064935,4201.958865,1.204421187,2.073415165,0.882061546,64.41687821,0,0,0,0,0,62.86671226,0,0,0,0,0,0,0,0,10.96606845,13.12573204,2.671425448,9.799819462,0,0,13.9516538,12.35201306,0,0,0,0,0,0,39.54863075,0,0,10.96606845,12.35201306,0,0,0,-666,39.4293989,0,0,9.799819462,0,0,0,0,0,0,13.6374939,72.53523148,0,0.512638889,0,-0.731481481,0,0,-1.711805556,-5.835185185,-1.936064815,0.4,8,0,2,0,0,0,0,0,0,2,0,3,-666,0,0,0,-666,-0.9447,38.217,0,0,0,0,0,0,0,0,0,0,0,0,0,0,0,2,0,0,0,0,-666,0,0,0,0,0,0,0,0,0,0,0,0,0,0,0,-666,0,0,0,0,0,0,0,0,0,0,0,0,0,0,0,0,0,-666,0,0,0,0,0,0,0,0,0,0,0,0,0,0,0,0,0,0,0,0,0,0,0,0,0,0,0,0,-666,0,0,85,5,10.81,0.279723,20.5,3,2.04,2.34,294.1,15.6,-0.371212008,-0.247723087,B,7,7,5,3.04,3.04,2.04,8,6.75,0.068,32.319,
60,_4-_dimethylamino_pyridin-1-ium-1-yl_boranuidyl_B_NHH.log:,2.342,1.7,1.778,2.365,2.513,2.428,1.794,1.686,0.412,0.293,0.31,0.298,0.326,0.224,0.316,0.204,0.294,0.108,0.231,0.312,0.231,0.312,0.215,0.299,0.232,0.313,0.234,0.315,0.219,0.301,0.193,0.281,1.69,2.14,2.1,2.2,0.56,0.55,0.54,0.5,1.77,-0.138,-0.243,7.737407407,-3.23289281,7.737407407,0.144856387,0.465616408,134.999,122.903,135.1093538,53,0,0,0,0,0,-666,-666,-666,0.941072505,-1.803920348,-3.11E-16,-2.471333801,-2.16E-16,-2.468601309,0.459882596,-1.930406892,3.574509238,490.5846111,17.61880215,16.97177746,4.97177746,9.708118551,8.530933417,2.376232878,1.527626081,1.527626081,0.813116439,0.813116439,0.39735737,0.39735737,-0.015064935,22264.36505,1.667726217,3.39764622,1.991935293,80.00223738,0,0,0,0,0,78.44750983,0,0,0,0,0,0,0,0,13.70758556,7.908015173,2.671425448,9.710832472,0,0,13.9516538,30.49799738,0,0,0,0,0,0,34.24192689,0,6.520808045,13.70758556,23.97718933,0,0,0,-666,52.35766635,0,0,4.899909731,4.810922741,0,0,0,0,0,16.37901101,88.87602277,0,0.249370748,0,-0.924166667,0,-1.893055556,-0.884722222,-7.350507842,-1.906274565,0.285714286,10,0,2,0,0,0,0,0,0,2,0,3,-666,0,0,0,-666,-0.02891,45.593,0,0,0,0,0,0,0,0,0,0,0,0,0,0,0,2,0,0,0,1,-666,0,0,0,0,0,1,0,0,0,0,0,0,0,0,0,-666,0,0,0,0,0,0,0,0,0,0,0,0,0,0,0,0,0,-666,0,0,0,0,0,0,0,0,0,0,0,0,0,0,0,0,0,0,0,0,0,0,0,0,0,0,0,0,-666,0,0,85,5,10.81,0.279723,20.5,3,2.04,2.34,334.4,16.5,-0.365528368,-0.264430826,B,7,1,1,3.04,2.1,2.1,9,7.24,0.369,26.83,
133,_trimethoxyphosphaniumyl_boranuidyl_B_PHH.log:,3.574,2.541,2.591,3.439,3.837,3.461,2.637,2.44,0.812,0.548,0.735,0.73,0.75,0.475,0.736,0.446,0.747,0.541,0.521,0.759,0.514,0.755,0.491,0.74,0.521,0.758,0.518,0.758,0.499,0.746,0.448,0.713,2.36,2.91,2.86,2.98,0.84,0.83,0.83,0.8,2.58,-0.335,-0.659,7.113966049,-4.786844136,7.113966049,2.394652778,0.411321648,136.904,125.816,137.0538862,49,0,0,0,0,0,-666,-666,-666,3.02E-16,-0.24552904,-1.77E-16,-2.486136057,-1.33E-16,-2.388579108,-1.15E-16,-0.957803605,5.482960609,254.2372232,15.69867061,14.74930874,4.643735927,8.064696017,7.072994421,3.030136777,0.813695843,2.441087528,0.381720681,1.145162042,0.055901699,0.167705098,0.374935065,2670.804004,1.349106467,3.410147743,2.095490386,66.62303284,0,0,0,0,0,65.00775432,0,0,0,0,0,0,0,0,25.90806849,15.314403,2.671425448,0,0,0,21.11385738,0,0,0,0,0,0,7.821790189,31.27789564,13.57124149,0,12.33682701,0,0,0,0,-666,36.42826038,0,0,0,0,0,0,0,0,13.57124149,15.00825245,88.43161265,0,0,0,0,0,0,0,0,-17.04272377,1,8,0,3,0,0,0,0,0,0,3,0,5,-666,0,0,0,-666,0.2363,36.491,0,0,0,0,0,0,0,0,0,0,0,0,0,0,0,0,0,0,0,0,0,0,0,0,0,0,0,0,0,0,0,0,0,0,0,0,-666,0,0,0,0,0,0,0,0,0,0,0,0,0,0,0,0,0,-666,0,0,0,0,0,0,0,0,0,0,0,0,0,0,0,0,0,0,0,0,0,0,0,0,0,0,0,0,-666,0,0,85,5,10.81,0.279723,20.5,3,2.04,2.34,320.9,15.9,-0.388722831,-0.237869457,B,15,1,1,2.19,2.1,2.1,17,6.39,0.719,31.975,
134,_trimethylazaniumyl_boranuidyl_B_NHH.log:,1.541,1.097,1.123,1.562,1.691,1.616,1.086,1.001,0.965,0.796,0.868,0.878,0.873,0.643,0.862,0.619,0.874,0.644,0.751,0.88,0.75,0.88,0.72,0.867,0.753,0.881,0.756,0.883,0.726,0.869,0.7,0.84,1.05,1.42,1.39,1.47,0.29,0.25,0.27,0.24,1.12,-0.495,-0.799,7.024305556,-3.509259259,7.024305556,2.548611111,-666,71.94,60.852,72.09845475,31,0,0,0,0,0,-666,-666,-666,0,0,0,0,0,0,0,0,6.052658863,209.3868648,13.57735027,13.52456386,2.524563865,6.693375673,6.583719821,0.929019283,0.722708531,0.722708531,0,0,0,0,0.024935065,684.8548583,0.360597742,1.014579889,26543.61521,49.97267346,0,0,0,0,0,48.2377922,0,0,0,0,0,0,0,0,12.33682701,7.908015173,2.671425448,4.394043868,0,0,20.9274807,0,0,0,0,0,0,0,35.90096519,0,0,12.33682701,0,0,0,0,-666,33.22953974,0,0,0,0,0,0,0,0,0,15.00825245,74.6875,0,0,0,0,0,0,0,-10.52777778,-2.576388889,1,5,0,1,0,0,0,0,0,0,0,0,2,-666,0,0,0,-666,-0.7384,28.155,0,0,0,0,0,0,0,0,0,0,0,0,0,0,0,1,0,0,0,0,-666,0,0,0,0,0,0,0,0,0,0,0,0,0,0,0,-666,0,0,0,0,0,0,0,0,0,0,0,0,0,0,0,0,0,-666,0,0,0,0,0,0,0,0,0,0,0,0,0,0,0,0,0,0,0,0,0,0,0,0,0,0,0,0,-666,0,0,85,5,10.81,0.279723,20.5,3,2.04,2.34,249.3,13.8,-0.346521124,-0.164067715,B,7,1,1,3.04,2.1,2.1,9,7.24,1.034,32.615,
305,"2H-1,3,2-dioxaborol-2-yl_B_OO.log:",3.727,3.124,3.303,3.626,3.874,3.629,3.123,2.976,0.849,0.805,0.755,0.772,0.761,0.569,0.745,0.56,0.778,0.635,0.609,0.783,0.606,0.789,0.577,0.756,0.604,0.778,0.61,0.793,0.592,0.768,0.534,0.721,3.16,3.61,3.57,3.66,1.51,1.45,1.44,1.46,3.3,-0.436,-0.627,7.397824074,-0.316990741,7.397824074,0.047222222,0.47375953,118.908,114.876,119.0304348,43,0,0,0,0,0,-666,-666,-666,12.78013004,-0.093484201,0.560708726,-2.188640194,0.664721574,-1.985401929,3.221764669,-0.433241563,2.661705937,336.8305414,9.585421959,8.39384685,4.39384685,6.125897658,4.379652811,2.379652811,1.490175596,1.490175596,0.952718117,0.952718117,0.575807031,0.575807031,-0.015064935,1349.044351,2.929117623,2.310556382,0.991430996,59.38756046,0,0,0,0,0,58.20352069,0,0,0,0,0,0,0,0,14.79175049,7.685153471,0,0,0,0,0,35.72661673,0,0,0,0,0,0,7.685153471,9.308716268,0,5.483034225,35.72661673,0,0,0,-666,0,0,0,35.72661673,0,7.685153471,0,0,0,0,14.79175049,38.98944444,0,0,0,0,0.094444444,-1.06962963,0,0,0.985740741,0,9,0,2,0,0,0,0,0,0,2,0,3,-666,0,0,0,-666,0.905,33.23,0,0,0,0,0,0,0,0,0,0,0,0,0,0,0,0,0,0,0,0,0,0,0,0,0,0,4,0,0,0,0,0,0,0,0,0,-666,0,0,0,0,0,0,0,0,0,0,0,0,0,0,0,0,0,-666,0,0,0,0,0,0,0,0,0,0,0,0,0,0,0,0,0,0,0,0,0,0,0,0,0,0,0,0,-666,0,0,85,5,10.81,0.279723,20.5,3,2.04,2.34,272.5,16.2,-0.404052087,-0.325578142,B,8,8,0,3.44,3.44,0,16,6.88,0.978,34.376,
429,boranuidyl_B_HHH.log:,1.484,0.557,0.567,1.531,1.835,1.656,0.571,0.43,1.072,0.801,1.013,1.004,1.024,0.772,1.015,0.739,1.023,1.037,0.895,1.031,0.894,1.03,0.865,1.021,0.897,1.031,0.9,1.032,0.871,1.023,0.848,1.009,0.45,1.16,1.09,1.27,0.91,0.97,0.9,0.97,0.57,-0.222,-0.222,5.916666667,-1.416666667,5.916666667,1.416666667,0.287938226,13.836,10.812,14.0327805,6,0,0,0,0,0,-666,-666,-666,-0.267763893,-0.267763893,-1.690289993,-1.690289993,-1.931549021,-1.931549021,-0.478358688,-0.478358688,2.323790008,8,3.577350269,3.577350269,0.577350269,1.732050808,1.732050808,0,0,0,0,0,0,0,0.064935065,3.245112498,0.000478012,13.46493506,57.66493506,13.76243149,0,0,0,0,0,12.31039815,0,0,0,0,0,0,0,0,0,8.30325998,4.007138173,0,0,0,0,0,0,0,0,0,0,0,12.31039815,0,0,0,0,0,0,0,0,8.30325998,0,0,0,0,0,0,0,0,0,4.007138173,17.75,0,0,0,0,0,0,0,0,-1.416666667,0,1,0,0,0,0,0,0,0,0,0,0,1,0,0,0,0,-666,-1.1839,9.939,0,0,0,0,0,0,0,0,0,0,0,0,0,0,0,0,0,0,0,0,0,0,0,0,0,0,0,0,0,0,0,0,0,0,0,0,-666,0,0,0,0,0,0,0,0,0,0,0,0,0,0,0,0,0,0,0,0,0,0,0,0,0,0,0,0,0,0,0,0,0,0,0,0,0,0,0,0,0,0,0,0,0,0,-666,0,-1,85,5,10.81,0.279723,20.5,3,2.04,2.34,145.2,9.2,-0.439339122,-0.277108416,B,1,1,1,2.1,2.1,2.1,3,6.3,1.11,0,
430,boranyl_B_HH.log:,2.961,2.366,2.516,2.983,3.12,3.041,2.418,2.304,1.007,0.88,0.847,0.834,0.863,0.693,0.854,0.676,0.834,0.872,0.687,0.854,0.687,0.854,0.675,0.845,0.688,0.855,0.689,0.855,0.677,0.847,0.649,0.822,2.37,2.77,2.74,2.81,1.04,0.97,0.99,1,2.52,-0.612,-0.805,5.75,0.5,5.75,0.5,0.295736663,12.828,10.812,13.02495546,5,0,0,0,0,0,-666,-666,-666,-0.179951315,-0.179951315,-1.381414702,-1.381414702,-1.61650685,-1.61650685,-0.32689875,-0.32689875,1.632993162,2.754887502,2.707106781,2.577350269,0.577350269,1.414213562,1.154700538,0,0,0,0,0,0,0,0.064935065,2.754887502,0.001053098,13.46493506,57.66493506,12.40515036,0,0,0,0,0,11.01127733,0,0,0,0,0,0,0,0,0,8.339851885,2.671425448,0,0,0,0,0,0,0,0,0,0,0,11.01127733,0,0,0,0,0,0,0,0,0,0,0,0,8.339851885,0,0,0,0,0,2.671425448,11.5,0,0,0,0,0,0,0,0,0.5,0,1,0,0,0,0,0,0,0,0,0,0,1,0,0,0,0,-666,-0.9162,8.544,0,0,0,0,0,0,0,0,0,0,0,0,0,0,0,0,0,0,0,0,0,0,0,0,0,0,0,0,0,0,0,0,0,0,0,0,-666,0,0,0,0,0,0,0,0,0,0,0,0,0,0,0,0,0,0,0,0,0,0,0,0,0,0,0,0,0,0,0,0,0,0,0,0,0,0,0,0,0,0,0,0,0,0,0,0,0,85,5,10.81,0.279723,20.5,3,2.04,2.34,142.7,10,-0.439248073,-0.292772221,B,1,1,0,2.1,2.1,0,2,4.2,0.983,0,
467,dihydroxyboranyl_B_OO.log:,2.867,2.272,2.451,2.776,3.008,2.788,2.319,2.204,0.864,0.867,0.764,0.772,0.78,0.6,0.769,0.593,0.777,0.742,0.634,0.793,0.625,0.787,0.601,0.773,0.628,0.791,0.629,0.789,0.616,0.781,0.557,0.737,2.39,2.8,2.76,2.84,1.04,1,0.97,0.98,2.45,-0.465,-0.678,5.802083333,0.583333333,5.802083333,0.583333333,0.325385109,44.826,42.81,45.0147847,17,0,0,0,0,0,-666,-666,-666,10.45723447,-0.062141482,0.151259962,-1.835598121,-0.128855028,-2.01134493,1.211908279,-0.773270164,2.190609687,15.11941548,4.121320344,3.39384685,1.39384685,2.414213562,1.287901102,0.471404521,0.096225045,0.096225045,0,0,0,0,-0.015064935,11.2451125,0.7406022,1.984935065,1.984935065,22.00315574,0,0,0,0,0,20.60015953,0,0,0,0,0,0,0,0,10.05260674,7.685153471,2.862399314,0,0,0,0,0,0,0,0,0,0,0,20.60015953,0,0,0,0,0,0,0,-666,0,0,0,0,7.685153471,0,0,0,0,10.05260674,2.862399314,11.60416667,0,0,6.8125,0,0,0,0,0,0.583333333,0,3,2,2,0,0,0,0,0,0,2,2,3,-666,0,0,0,-666,-1.4948,10.1916,0,0,0,0,0,0,0,0,0,0,0,0,0,0,0,0,0,0,0,0,0,0,0,0,0,0,0,0,0,0,0,0,0,0,0,0,-666,0,0,0,0,0,0,0,0,0,0,0,0,0,0,0,0,0,0,0,0,0,0,0,0,0,0,0,0,0,0,0,0,0,0,0,0,0,0,0,0,0,0,0,0,0,0,-666,0,0,85,5,10.81,0.279723,20.5,3,2.04,2.34,172.7,11.7,-0.449698938,-0.267990974,B,8,8,0,3.44,3.44,0,16,6.88,0.994,24.344,
471,dimethylboranyl_B_CC.log:,2.198,1.654,1.769,2.217,2.337,2.268,1.74,1.647,0.849,0.986,0.733,0.722,0.741,0.576,0.73,0.551,0.748,0.541,0.537,0.76,0.537,0.759,0.508,0.741,0.539,0.761,0.542,0.763,0.514,0.745,0.451,0.703,1.72,2.09,2.06,2.14,0.68,0.65,0.63,0.63,1.77,-0.408,-0.636,6.505208333,-2.453125,6.505208333,0.375,0.350720071,40.882,34.834,41.05625559,17,0,0,0,0,0,-666,-666,-666,0,-0.244322203,-3.84E-17,-2.261274594,-0.225495212,-2.219592089,0,-0.904794842,3.746417931,76.21143267,7.707106781,7.577350269,1.577350269,3.707106781,3.577350269,0.577350269,0.144337567,0.144337567,0,0,0,0,0.064935065,27.43574108,0.200924236,2.064935065,2.064935065,30.52130776,0,0,0,0,0,29.00655253,0,0,0,0,0,0,0,0,8.224551337,7.279513422,0,0,0,13.50248777,0,0,0,0,0,0,0,0,7.279513422,0,0,8.224551337,0,13.50248777,0,0,0,13.50248777,0,0,0,7.279513422,0,0,0,0,0,8.224551337,39.03125,0,0,0,0,0,0,0,-4.90625,0.375,1,3,0,0,0,0,0,0,0,0,0,0,1,-666,0,0,0,-666,0.7868,17.482,0,0,0,0,0,0,0,0,0,0,0,0,0,0,0,0,0,0,0,0,0,0,0,0,0,0,0,0,0,0,0,0,0,0,0,0,-666,0,0,0,0,0,0,0,0,0,0,0,0,0,0,0,0,0,-666,0,0,0,0,0,0,0,0,0,0,0,0,0,0,0,0,0,0,0,0,0,0,0,0,0,0,0,0,-666,0,0,85,5,10.81,0.279723,20.5,3,2.04,2.34,204.6,12.8,-0.405505227,-0.256560824,B,6,6,0,2.55,2.55,0,12,5.1,0.999,34.573,
477,diphenylboranyl_B_CC.log:,3.622,2.629,2.731,3.655,3.864,3.743,2.837,2.679,0.39,0.299,0.377,0.395,0.399,0.275,0.383,0.233,0.415,0.313,0.181,0.434,0.181,0.433,0.167,0.418,0.182,0.435,0.183,0.436,0.17,0.421,0.118,0.393,2.61,3.23,3.17,3.3,0.93,0.94,0.91,0.82,2.72,-0.19,-0.325,7.818230348,-0.557211934,7.818230348,0.22728647,0.588749762,165.024,154.944,165.0875557,61,0,0,0,0,0,-666,-666,-666,10.6402385,-0.094148367,0.481811709,-2.288688868,0.469479595,-2.411896764,2.715890062,-0.444741517,2.607266645,715.6394955,17.63531001,16.57735027,6.577350269,10.58999927,8.577350269,3.577350269,2.221687836,2.221687836,1.327350269,1.327350269,0.808012702,0.808012702,0.064935065,89046.33324,3.283884281,5.072399463,3.035787905,93.64133041,0,0,0,0,0,92.45272904,0,0,0,0,0,0,0,0,13.70758556,7.279513422,0,0,0,0,0,71.46563006,0,0,0,0,0,0,7.279513422,0,0,13.70758556,71.46563006,0,0,0,0,60.52071746,0,0,10.9449126,0,7.279513422,0,0,0,0,13.70758556,76.73555975,0,0,0,-0.45457294,0,-5.309134963,0,0,1.028148148,0,13,0,0,0,0,0,0,0,0,0,0,1,-666,0,0,0,-666,2.7104,58.48,0,0,0,0,0,0,0,0,0,0,0,0,0,0,0,0,0,0,0,0,0,0,0,0,0,0,12,0,0,0,0,0,0,0,0,0,-666,0,0,0,0,0,0,0,0,0,0,0,0,0,0,0,0,0,-666,0,0,0,0,0,0,0,0,0,0,0,0,0,0,0,0,0,0,0,0,0,0,0,0,0,0,0,0,-666,0,0,85,5,10.81,0.279723,20.5,3,2.04,2.34,386,18.2,-0.394812508,-0.2924907,B,6,6,0,2.55,2.55,0,12,5.1,0.455,54.64,
598,"tetramethyl-1,3,2-dioxaborolan-2-yl_B_OO.log:",3.217,2.519,2.67,3.046,3.382,3.044,2.526,2.37,0.834,0.775,0.732,0.76,0.728,0.547,0.712,0.541,0.755,0.561,0.595,0.75,0.585,0.756,0.563,0.725,0.589,0.746,0.589,0.76,0.576,0.735,0.525,0.693,2.57,3.05,3.01,3.11,1.07,1.02,1.01,1.02,2.67,-0.421,-0.599,7.396666667,-3.603125,7.396666667,0.164166667,0.453701572,126.972,114.876,127.093035,51,0,0,0,0,0,-666,-666,-666,3.65E-16,-1.770228641,-2.21E-16,-2.671074495,-2.69E-17,-2.738309883,5.65E-17,-1.905588197,3.863789545,335.9316139,17.12132034,16.39384685,4.39384685,8.957106781,8.129652811,2.129652811,1.694299741,1.694299741,0.945569247,0.945569247,0.334357481,0.334357481,-0.015064935,12146.70706,1.300895648,1.734947767,0.991430996,73.70196472,0,0,0,0,0,72.0526425,0,0,0,0,0,0,0,0,25.75781894,7.685153471,0,0,0,38.60967009,0,0,0,0,0,0,0,0,18.88725509,9.308716268,0,43.85667114,0,0,0,0,-666,38.60967009,0,0,7.685153471,0,0,0,0,0,9.308716268,16.44910267,97.8525,0,0,0,-7.104166667,0,0,0,-14.4125,0.164166667,1,9,0,2,0,0,0,0,0,0,2,0,3,-666,0,0,0,-666,1.1246,36.082,0,0,0,0,0,0,0,0,0,0,0,0,0,0,0,0,0,0,0,0,0,0,0,0,0,0,0,0,0,0,0,0,0,0,0,0,-666,0,0,0,0,0,0,0,0,0,0,0,0,0,0,0,0,0,-666,0,0,0,0,0,0,0,0,0,0,0,0,0,0,0,0,0,0,0,0,0,0,0,0,0,0,0,0,-666,0,0,85,5,10.81,0.279723,20.5,3,2.04,2.34,298.2,15.4,-0.406059297,-0.292033239,B,8,8,0,3.44,3.44,0,16,6.88,0.957,41.868,
607,trifluoroboranuidyl_B_ClClCl.log:,1.085,0.503,0.562,1.11,1.263,1.174,0.54,0.441,0.874,0.86,0.775,0.786,0.782,0.616,0.779,0.605,0.78,0.731,0.659,0.795,0.659,0.795,0.636,0.781,0.661,0.796,0.663,0.797,0.641,0.784,0.595,0.754,0.5,1.03,0.97,1.09,0.53,0.53,0.56,0.59,0.56,-0.035,-0.066,9.666666667,-3.666666667,9.666666667,3.666666667,0.369329365,67.806,67.806,68.00451506,24,0,0,0,0,0,-666,-666,-666,19.35131619,10.46068381,2.059744045,-1.549725573,1.798677011,-1.757277011,6.328840348,0.535159652,2.323790008,8,3.577350269,1.711243688,1.711243688,1.732050808,0.654653671,0.654653671,0.24743583,0.24743583,0,0,0,0,-0.145064935,3.245112498,3.854935065,1.205205729,64.42732129,21.84139404,0,0,0,0,0,20.49104187,0,0,0,0,0,0,0,0,12.94697668,7.544065189,0,0,0,0,0,0,0,0,0,12.94697668,0,0,7.544065189,0,0,0,0,0,0,0,0,7.544065189,12.94697668,0,0,0,0,0,0,0,0,0,29,0,0,0,0,0,0,0,0,-3.666666667,0,4,0,0,0,0,0,0,0,0,0,0,4,0,0,0,0,-666,0.8798,9.078,0,0,0,0,0,0,0,0,0,0,0,0,0,0,0,0,0,0,0,0,0,0,0,0,0,0,0,0,0,0,0,0,0,0,0,0,-666,0,0,0,0,0,0,0,3,0,0,0,0,0,0,0,0,0,0,0,0,0,0,0,0,0,0,0,0,0,0,0,0,0,0,0,0,0,0,0,0,0,0,0,0,0,0,-666,0,-1,85,5,10.81,0.279723,20.5,3,2.04,2.34,176.2,10.3,-0.54536183,-0.359118397,B,17,17,17,3.16,3.16,3.16,51,9.48,0.97,31.039,
611,trimethoxyboranuidyl_B_OOO.log:,0.104,0.343,0.288,0.066,0.061,0.063,0.261,0.327,0.578,0.819,0.269,0.561,0.596,1.109,0.507,0.971,0.378,1.226,1.281,0.608,1.172,0.609,1.2,0.551,1.291,0.597,1.182,0.62,1.209,0.575,1.182,0.552,0.16,0,0,0.01,1.93,2.04,2.07,2.53,0.29,0.023,0.021,6.661666667,-3.040509259,6.661666667,2.326388889,0.467987581,103.914,94.842,104.0644745,42,0,0,0,0,0,-666,-666,-666,1.75E-16,-1.758489212,-9.19E-17,-2.332735421,-0.046275837,-2.451180254,1.84E-17,-1.913559342,4.525741017,179.470675,13.19867061,12.30209514,3.302095141,6.785405043,5.819479217,1.319479217,0.642228525,0.642228525,0.288675135,0.288675135,0.072168784,0.072168784,-0.055064935,721.8747789,1.098940946,4.113145481,2.617776729,56.38201256,0,0,0,0,0,54.73497114,0,0,0,0,0,0,0,0,26.29990141,7.321212359,0,0,0,0,21.11385738,0,0,0,0,0,0,0,28.43506974,13.9630744,0,12.33682701,0,0,0,0,-666,28.43506974,0,0,0,0,0,0,0,0,13.9630744,12.33682701,72.03125,0,0,0,0,0,0,0,0,-11.44791667,1,7,0,3,0,0,0,0,0,0,3,0,4,-666,0,0,0,-666,-0.0895,26.781,0,0,0,0,0,0,0,0,0,0,0,0,0,0,0,0,0,0,0,0,0,0,0,0,0,0,0,0,0,0,0,0,0,0,0,0,-666,0,0,0,0,0,0,0,0,0,0,0,0,0,0,0,0,0,-666,0,0,0,0,0,0,0,0,0,0,0,0,0,0,0,0,0,0,0,0,0,0,0,0,0,0,0,0,-666,0,-1,85,5,10.81,0.279723,20.5,3,2.04,2.34,277.1,14,-0.411050905,-0.124096216,B,8,8,8,3.44,3.44,3.44,24,10.32,1.127,53.652,
615,trimethylboranuidyl_B_CCC.log:,0.135,0.005,0.007,0.145,0.216,0.173,0.003,0,0.612,1.207,0.716,0.665,0.727,0.722,0.713,0.67,0.742,0.782,0.786,0.745,0.783,0.745,0.706,0.727,0.791,0.747,0.799,0.748,0.721,0.73,0.764,0.702,0.01,0.24,0.21,0.29,1.31,1.38,1.33,1.48,0.01,0,-0.088,6.813657407,-2.989583333,6.813657407,2.270833333,0.367450159,55.917,46.845,56.07973069,24,0,0,0,0,0,-666,-666,-666,-5.92E-16,-0.244322203,-2.59E-16,-2.460029282,-0.186739145,-2.451999821,-3.56E-16,-0.936427763,5.022717526,137.485298,11.07735027,11.07735027,2.077350269,5.366025404,5.366025404,0.866025404,0.433012702,0.433012702,0,0,0,0,0.064935065,161.5068868,0.262328932,1.391206251,555.3849351,40.93666759,0,0,0,0,0,39.30331095,0,0,0,0,0,0,0,0,12.33682701,6.712752285,0,0,0,20.25373166,0,0,0,0,0,0,0,0,6.712752285,0,0,12.33682701,0,20.25373166,0,0,0,26.96648394,0,0,0,0,0,0,0,0,0,12.33682701,61.32291667,0,0,0,0,0,0,0,-11.23958333,0,1,4,0,0,0,0,0,0,0,0,0,0,1,-666,0,0,0,-666,1.3706,23.346,0,0,0,0,0,0,0,0,0,0,0,0,0,0,0,0,0,0,0,0,0,0,0,0,0,0,0,0,0,0,0,0,0,0,0,0,-666,0,0,0,0,0,0,0,0,0,0,0,0,0,0,0,0,0,-666,0,0,0,0,0,0,0,0,0,0,0,0,0,0,0,0,0,0,0,0,0,0,0,0,0,0,0,0,-666,0,-1,85,5,10.81,0.279723,20.5,3,2.04,2.34,234.3,13.3,-0.397723681,-0.220487515,B,6,6,6,2.55,2.55,2.55,18,7.65,1.042,48.19,
155,"1,3-dimethyl-2-oxo-1,3,2-diazaphospholidin-2-yl_P_NNO.log:",4.31,2.857,2.96,3.773,4.514,3.727,3.211,2.987,0.57,0.582,0.291,0.335,0.314,0.328,0.314,0.326,0.306,0.338,0.381,0.338,0.355,0.324,0.364,0.327,0.381,0.339,0.358,0.326,0.367,0.328,0.356,0.317,3.03,3.61,3.56,3.68,1.21,1.29,1.17,1.21,2.96,-0.263,-0.268,11.83009259,-3.402263374,11.83009259,0.220532407,0.450170217,133.111,123.031,133.0530746,47,0,0,0,0,0,-666,-666,-666,1.7E-16,-0.245730273,-1.81E-16,-2.479009362,-1.56E-16,-2.621695194,7.92E-17,-0.98568369,3.381837814,305.7498309,14.73205081,13.74988908,4.644316268,7.648717474,6.727001377,2.892149749,1.099955631,2.405439701,0.603988153,1.488357662,0.269710267,0.709130802,0.31,2700.53246,1.324521734,2.275364016,1.004297289,64.8906267,0,0,0,0,0,63.33717781,0,0,0,0,0,0,0,0,18.60099716,8.449975097,0,9.34083238,0,0,26.94537317,0,0,0,0,0,0,8.449975097,36.28620555,4.893411603,0,13.70758556,0,0,0,0,-666,35.39534827,4.893411603,0,9.34083238,0,0,0,0,0,0,13.70758556,71.52638889,0,11.83009259,0,0,0,0,0,-12.88014403,-3.402263374,1,8,0,3,0,0,0,0,0,0,2,0,4,-666,0,0,0,-666,0.521,32.8665,0,0,0,0,0,0,0,0,0,0,0,0,0,0,0,2,0,0,0,2,-666,0,0,0,0,0,0,0,0,0,0,0,0,0,0,0,-666,0,0,0,0,0,0,0,0,0,0,0,0,0,0,0,0,0,-666,0,0,0,0,0,0,0,0,0,0,0,0,0,0,0,0,0,0,0,0,0,0,0,0,0,0,0,0,-666,0,0,100,15,30.973762,0.746607,25,5,2.19,1.823,297.7,16.4,-0.377737238,-0.329113275,P,8,7,7,3.44,3.04,3.04,22,9.52,0.673,52.931,
427,bis_dimethylamino_phosphanyl_P_NN.log:,2.737,1.949,1.967,2.761,2.909,2.824,2.165,2.047,0.759,0.716,0.59,0.613,0.593,0.507,0.592,0.502,0.626,0.541,0.549,0.641,0.549,0.64,0.529,0.625,0.551,0.642,0.552,0.643,0.533,0.628,0.524,0.621,1.89,2.36,2.31,2.41,0.67,0.71,0.66,0.67,1.96,-0.416,-0.526,7.045347222,-3.165123457,7.045347222,0.154027778,0.49783411,119.128,107.032,119.07381,43,0,0,0,0,0,-666,-666,-666,-1.77E-16,-0.247090089,-3.4E-16,-2.527516924,-4.07E-16,-2.567574888,-1.89E-17,-0.998197776,5.4282387,238.812144,15.86180732,15.34164079,4.236067977,7.971197119,7.294427191,2.094427191,0.713049517,1.691934955,0.178885438,0.536656315,0.089442719,0.268328157,0.35,2573.036575,0.880162077,3.364392151,6.35,64.24059977,0,0,0,0,0,62.57539186,0,0,0,0,0,0,0,0,16.44910267,8.882149203,0,9.34083238,0,0,27.9033076,0,0,0,0,0,0,8.882149203,37.24413998,0,0,16.44910267,0,0,0,0,-666,36.7854568,0,0,9.34083238,0,0,0,0,0,0,16.44910267,84.23611111,0,0,0,0,0,0,0,-12.66049383,-0.964506173,1,7,0,2,0,0,0,0,0,0,2,0,3,-666,0,0,0,-666,0.8858,34.294,0,0,0,0,0,0,0,0,0,0,0,0,0,0,0,2,0,0,0,0,-666,0,0,0,0,0,0,0,0,0,0,0,0,0,0,0,-666,0,0,0,0,0,0,0,0,0,0,0,0,0,0,0,0,0,-666,0,0,0,0,0,0,0,0,0,0,0,0,0,0,0,0,0,0,0,0,0,0,0,0,0,0,0,0,-666,0,0,100,15,30.973762,0.746607,25,5,2.19,1.823,304,15.8,-0.350816664,-0.282086751,P,7,7,0,3.04,3.04,0,14,6.08,0.832,45.517,
462,diethoxyphosphoroso_P_OOO.log:,4.836,3.259,3.394,4.07,5.027,3.98,3.598,3.344,0.62,0.664,0.349,0.379,0.375,0.365,0.374,0.367,0.348,0.347,0.415,0.384,0.372,0.365,0.399,0.371,0.416,0.385,0.373,0.367,0.402,0.374,0.382,0.358,3.52,4.09,4.04,4.15,1.53,1.61,1.47,1.52,3.39,-0.295,-0.315,11.09134259,-3.605159465,11.09134259,3.283680437,0.55300361,137.095,127.015,137.0367558,49,0,0,0,0,0,-666,-666,-666,7.53E-17,-0.249073853,-2.59E-16,-2.426515634,-6.76E-17,-2.407764177,-1.65E-18,-1.05540298,4.685875609,255.8278293,14.99156383,13.67195847,4.566385658,7.600953631,6.455970848,2.551415963,0.610305129,1.422667096,0.240358291,0.721074874,0.093169499,0.279508497,0.31,1990.232004,1.481977609,5.446798906,4.468478605,64.66480274,0,0,0,0,0,63.07263869,0,0,0,0,0,0,0,0,27.64849149,8.602392481,0,0,0,13.70378423,13.11797049,0,0,0,0,0,0,8.602392481,13.11797049,13.94090593,0,27.4113698,0,0,0,0,-666,35.4241472,4.893411603,0,0,0,0,0,0,0,9.047494323,13.70758556,75.86700751,0,11.09134259,0,0,0,0,0,-13.27911656,-3.605159465,1,8,0,3,0,0,0,0,0,0,2,0,4,-666,0,0,0,-666,1.7168,30.8585,0,0,0,0,0,0,0,0,0,0,0,0,0,0,0,0,0,0,0,0,0,0,0,0,0,0,0,0,0,0,0,0,0,0,0,0,-666,0,0,0,0,0,0,0,0,0,0,0,0,0,0,0,0,0,-666,0,0,0,0,0,0,0,0,0,0,0,0,0,0,0,0,0,0,0,0,0,0,0,0,0,0,0,0,-666,0,0,100,15,30.973762,0.746607,25,5,2.19,1.823,327.1,15.5,-0.437513434,-0.355064411,P,8,8,8,3.44,3.44,3.44,24,10.32,0.712,47.483,
468,dimethoxyphosphanyl_P_OO.log:,2.906,1.937,1.985,2.63,3.063,2.616,2.172,2.023,0.832,0.781,0.715,0.748,0.723,0.612,0.719,0.606,0.746,0.676,0.663,0.761,0.637,0.749,0.645,0.747,0.665,0.763,0.639,0.751,0.648,0.749,0.628,0.736,2.01,2.43,2.39,2.48,0.75,0.8,0.73,0.75,1.98,-0.517,-0.649,6.480138889,-2.618248457,6.480138889,0.523919753,0.474922441,93.042,86.994,93.01054106,31,0,0,0,0,0,-666,-666,-666,0,-0.24552904,-3.26E-17,-2.222950935,-9.37E-17,-2.218161852,1.07E-32,-0.949188555,3.436534825,102.7311407,9.121320344,8.263710176,3.158137367,4.707106781,3.773396662,1.503693405,0.257109785,0.771329355,0.074535599,0.223606798,0.0186339,0.055901699,0.35,100.988809,0.945043058,4.35,4.35,41.84923742,0,0,0,0,0,40.38251717,0,0,0,0,0,0,0,0,17.27204566,9.034566587,0,0,0,0,14.07590492,0,0,0,0,0,0,9.034566587,14.07590492,9.047494323,0,8.224551337,0,0,0,0,-666,23.1104715,0,0,0,0,0,0,0,0,9.047494323,8.224551337,46.87152778,0,0,0,0,0,0,0,0,-5.760416667,1,5,0,2,0,0,0,0,0,0,2,0,3,-666,0,0,0,-666,1.0554,20.938,0,0,0,0,0,0,0,0,0,0,0,0,0,0,0,0,0,0,0,0,0,0,0,0,0,0,0,0,0,0,0,0,0,0,0,0,-666,0,0,0,0,0,0,0,0,0,0,0,0,0,0,0,0,0,-666,0,0,0,0,0,0,0,0,0,0,0,0,0,0,0,0,0,0,0,0,0,0,0,0,0,0,0,0,-666,0,0,100,15,30.973762,0.746607,25,5,2.19,1.823,250.2,14.5,-0.431806696,-0.303198852,P,8,8,0,3.44,3.44,0,16,6.88,0.895,36.17,
473,dimethylphosphanyl_P_CC.log:,3.651,2.809,2.875,3.675,3.822,3.738,3.043,2.91,0.882,0.736,0.817,0.809,0.811,0.628,0.806,0.614,0.831,0.672,0.643,0.83,0.642,0.83,0.626,0.818,0.644,0.831,0.646,0.832,0.629,0.821,0.616,0.817,2.74,3.25,3.2,3.3,1.13,1.16,1.11,1.14,2.87,-0.528,-0.751,6.54841821,-2.355902778,6.54841821,0.467592593,0.368920868,61.044,54.996,61.02071182,19,0,0,0,0,0,-666,-666,-666,0,-0.244322203,-0.052778014,-2.272345968,-1.82E-16,-2.209148484,-2.99E-16,-0.882775377,3.746417931,76.21143267,7.707106781,7.447213595,2.341640786,3.707106781,3.447213595,1.341640786,0.111803399,0.335410197,0,0,0,0,0.43,27.43574108,0.285004369,2.43,2.43,31.44880644,0,0,0,0,0,29.99120937,0,0,0,0,0,0,0,0,8.224551337,8.580696994,0,0,0,0,13.18596104,0,0,0,0,0,0,8.580696994,13.18596104,0,0,8.224551337,0,0,0,0,0,21.76665804,0,0,0,0,0,0,0,0,0,8.224551337,39.29050926,0,0,0,0,0,0,0,-4.711805556,-0.467592593,1,3,0,0,0,0,0,0,0,0,0,0,1,-666,0,0,0,-666,1.1922,18.768,0,0,0,0,0,0,0,0,0,0,0,0,0,0,0,0,0,0,0,0,0,0,0,0,0,0,0,0,0,0,0,0,0,0,0,0,-666,0,0,0,0,0,0,0,0,0,0,0,0,0,0,0,0,0,-666,0,0,0,0,0,0,0,0,0,0,0,0,0,0,0,0,0,0,0,0,0,0,0,0,0,0,0,0,-666,0,0,100,15,30.973762,0.746607,25,5,2.19,1.823,209.3,14.3,-0.397454435,-0.315273938,P,6,6,0,2.55,2.55,0,12,5.1,1.002,33.053,
474,dimethylphosphoroso_P_CCO.log:,4.313,2.936,3.046,3.734,4.491,3.686,3.254,3.044,0.567,0.423,0.429,0.45,0.438,0.355,0.44,0.344,0.416,0.372,0.372,0.437,0.34,0.409,0.354,0.427,0.375,0.441,0.343,0.411,0.357,0.426,0.331,0.403,3.15,3.65,3.61,3.71,1.38,1.44,1.34,1.37,3.04,-0.254,-0.377,10.50925926,-3.112654321,10.50925926,2.860532407,0.385295436,77.043,70.995,77.01562644,25,0,0,0,0,0,-666,-666,-666,0,-0.244322203,-1.72E-16,-2.334875416,-3.42E-16,-2.270820025,-3.65E-17,-0.887630041,4.231132186,99.8966738,8.577350269,7.855461886,2.749889077,4.154700538,3.629787781,1.889363344,0.294377585,0.883132754,0,0,0,0,0.39,63.57980789,0.572180077,1.684985251,30.35975674,35.91460553,0,0,0,0,0,34.45244687,0,0,0,0,0,0,0,0,13.11796294,8.148522889,0,0,0,0,13.18596104,0,0,0,0,0,0,8.148522889,13.18596104,4.893411603,0,8.224551337,0,0,0,0,-666,21.33448393,4.893411603,0,0,0,0,0,0,0,0,8.224551337,38.89853395,0,10.50925926,0,0,0,0,0,-5.721064815,-3.112654321,1,4,0,1,0,0,0,0,0,0,0,0,2,-666,0,0,0,-666,1.0734,19.4545,0,0,0,0,0,0,0,0,0,0,0,0,0,0,0,0,0,0,0,0,0,0,0,0,0,0,0,0,0,0,0,0,0,0,0,0,-666,0,0,0,0,0,0,0,0,0,0,0,0,0,0,0,0,0,-666,0,0,0,0,0,0,0,0,0,0,0,0,0,0,0,0,0,0,0,0,0,0,0,0,0,0,0,0,-666,0,0,100,15,30.973762,0.746607,25,5,2.19,1.823,226.3,14.8,-0.412932266,-0.343492171,P,8,6,6,3.44,2.55,2.55,20,8.54,0.665,44.136,
475,diphenoxyphosphoroso_P_OOO.log:,6.414,4.562,4.796,5.579,6.676,5.5,4.898,4.593,0.59,0.549,0.154,0.238,0.176,0.196,0.167,0.186,0.204,0.231,0.277,0.232,0.25,0.222,0.257,0.214,0.275,0.23,0.252,0.225,0.263,0.22,0.252,0.212,4.88,5.75,5.67,5.84,2.05,2.19,2,2.08,4.79,-0.139,-0.126,12.03752646,-3.252546401,12.03752646,0.672116239,0.753012972,233.183,223.103,233.0367558,81,0,0,0,0,0,-666,-666,-666,11.20954437,-0.094149332,0.542592924,-2.271838822,0.622874649,-2.08826543,2.81414978,-0.447160099,2.322836058,785.4622552,19.91976706,17.67195847,8.566385658,11.98384612,8.955970848,5.051415963,2.314429274,3.126791241,1.28576953,1.949060298,0.736054264,1.254038646,0.31,345568.413,5.125791566,6.903789782,4.289689196,109.4350592,0,0,0,0,0,108.2899312,0,0,0,0,0,0,0,0,27.64849149,8.602392481,0,0,0,0,0,72.0390472,0,0,0,0,0,8.602392481,0,13.94090593,0,13.70758556,72.0390472,0,0,0,-666,80.64143969,4.893411603,0,0,0,0,0,0,0,0,22.75507989,85.02792242,0,12.03752646,0,0,-1.491707609,-7.247120789,0,0,-3.252546401,0,16,0,3,0,0,0,0,0,0,2,0,4,-666,0,0,0,-666,3.6968,62.5025,0,0,0,0,0,0,0,0,0,0,0,0,0,0,0,0,0,0,0,0,0,0,0,0,0,0,10,0,0,0,0,0,0,0,0,0,-666,0,0,0,0,0,0,0,0,0,0,0,0,0,0,0,0,0,-666,0,0,0,0,0,0,0,0,0,0,0,0,0,0,0,0,0,0,0,0,0,0,0,0,0,0,0,0,-666,0,0,100,15,30.973762,0.746607,25,5,2.19,1.823,431.8,19.1,-0.412672752,-0.363859657,P,8,8,8,3.44,3.44,3.44,24,10.32,0.669,51.077,
479,diphenylphosphanyl_P_CC.log:,5.575,4.243,4.33,5.615,5.871,5.725,4.556,4.339,0.679,0.542,0.515,0.547,0.52,0.38,0.511,0.372,0.565,0.445,0.374,0.575,0.374,0.575,0.359,0.557,0.375,0.576,0.376,0.578,0.362,0.56,0.35,0.551,4.14,5.04,4.96,5.15,1.58,1.65,1.57,1.55,4.32,-0.31,-0.444,7.842535903,-0.541656379,7.842535903,0.037407407,0.63065251,185.186,175.106,185.052012,63,0,0,0,0,0,-666,-666,-666,11.14638269,-0.094148367,0.475507234,-2.285305326,0.542065094,-2.252067592,2.769693108,-0.44458228,2.607266645,715.6394955,17.63531001,16.4472136,7.341640786,10.58999927,8.447213595,4.341640786,2.059016994,3.177050983,1.197213595,2.091640786,0.710410197,1.38123059,0.43,89046.33324,3.47673297,5.34525976,3.239686694,94.56882909,0,0,0,0,0,93.43738589,0,0,0,0,0,0,0,0,13.70758556,8.580696994,0,0,0,0,0,71.14910333,0,0,0,0,0,8.580696994,0,0,0,13.70758556,71.14910333,0,0,0,0,60.52071746,0,0,19.20908286,0,0,0,0,0,0,13.70758556,76.91660914,0,0,-0.260128496,0,0,-5.007962123,0,0,-0.037407407,0,13,0,0,0,0,0,0,0,0,0,0,1,-666,0,0,0,-666,3.9524,59.646,0,0,0,0,0,0,0,0,0,0,0,0,0,0,0,0,0,0,0,0,0,0,0,0,0,0,12,0,0,0,0,0,0,0,0,0,-666,0,0,0,0,0,0,0,0,0,0,0,0,0,0,0,0,0,-666,0,0,0,0,0,0,0,0,0,0,0,0,0,0,0,0,0,0,0,0,0,0,0,0,0,0,0,0,-666,0,0,100,15,30.973762,0.746607,25,5,2.19,1.823,381.7,19,-0.388931726,-0.324227488,P,6,6,0,2.55,2.55,0,12,5.1,0.841,45.731,
480,diphenylphosphoroso_P_CCO.log:,5.515,3.82,3.925,4.866,5.767,4.837,4.173,3.92,0.484,0.289,0.329,0.392,0.348,0.258,0.341,0.243,0.359,0.336,0.289,0.38,0.269,0.359,0.274,0.369,0.291,0.383,0.271,0.361,0.277,0.369,0.262,0.353,4,4.73,4.67,4.81,1.67,1.75,1.64,1.64,3.92,-0.187,-0.292,12.7734845,-2.99037037,12.7734845,0.588397581,0.665002093,201.185,191.105,201.0469266,69,0,0,0,0,0,-666,-666,-666,11.17992939,-0.094148367,0.504094494,-2.312014689,0.552865056,-2.293600696,2.784598073,-0.444691934,2.728054561,749.7570941,18.5055535,16.85546189,7.749889077,11.01751963,8.629787781,4.889363344,2.24159118,3.724773541,1.379787781,2.639363344,0.80169729,1.655091869,0.39,132395.3558,4.002179344,5.467232859,2.70206103,99.03462818,0,0,0,0,0,97.89862338,0,0,0,0,0,0,0,0,18.60099716,8.148522889,0,0,0,0,0,71.14910333,0,0,0,0,0,8.148522889,0,4.893411603,0,13.70758556,71.14910333,0,0,0,-666,79.29762622,4.893411603,0,0,0,0,0,0,0,0,13.70758556,76.54277484,0,12.7734845,-1.176795163,0,0,-7.075019736,0,0,-2.99037037,0,14,0,1,0,0,0,0,0,0,0,0,2,-666,0,0,0,-666,3.8336,60.3325,0,0,0,0,0,0,0,0,0,0,0,0,0,0,0,0,0,0,0,0,0,0,0,0,0,0,12,0,0,0,0,0,0,0,0,0,-666,0,0,0,0,0,0,0,0,0,0,0,0,0,0,0,0,0,-666,0,0,0,0,0,0,0,0,0,0,0,0,0,0,0,0,0,0,0,0,0,0,0,0,0,0,0,0,-666,0,0,100,15,30.973762,0.746607,25,5,2.19,1.823,392.5,19.2,-0.404775224,-0.33857696,P,8,6,6,3.44,2.55,2.55,20,8.54,0.629,56.897,
613,trimethoxyphosphaniumyl_P_OOO.log:,7.166,6.286,6.552,6.807,7.224,6.772,6.728,6.67,0.643,0.608,0.307,0.325,0.334,0.303,0.333,0.305,0.308,0.27,0.358,0.347,0.336,0.341,0.341,0.331,0.356,0.345,0.338,0.343,0.346,0.336,0.333,0.327,6.75,6.86,6.85,6.88,7.43,7.58,7.25,7.38,6.55,-0.463,-0.526,6.67787037,-3.012345679,6.67787037,3.011702675,0.527988265,124.076,115.004,124.0289308,44,0,0,0,0,0,-666,-666,-666,3.62E-20,-0.24552904,-3.26E-16,-2.339785167,-4.82E-16,-2.292324192,1.59E-16,-0.956886021,4.525741017,179.470675,13.19867061,12.17195847,4.066385658,6.785405043,5.660094993,2.255540108,0.497468077,1.49240423,0.223606798,0.670820393,0.055901699,0.167705098,0.31,721.8747789,1.241725826,4.468478605,2.943914422,57.2142016,0,0,0,0,0,55.62431835,0,0,0,0,0,0,0,0,25.90806849,8.602392481,0,0,0,0,21.11385738,0,0,0,0,0,0,8.602392481,21.11385738,13.57124149,0,12.33682701,0,0,0,0,-666,29.71624986,0,0,0,0,0,0,0,0,13.57124149,12.33682701,72.37152778,0,0,0,0,0,0,0,0,-12.0474537,1,7,0,3,0,0,0,0,0,0,3,0,4,-666,0,0,0,-666,1.1525,27.947,0,0,0,0,0,0,0,0,0,0,0,0,0,0,0,0,0,0,0,0,0,0,0,0,0,0,0,0,0,0,0,0,0,0,0,0,-666,0,0,0,0,0,0,0,0,0,0,0,0,0,0,0,0,0,-666,0,0,0,0,0,0,0,0,0,0,0,0,0,0,0,0,0,0,0,0,0,0,0,0,0,0,0,0,-666,0,1,100,15,30.973762,0.746607,25,5,2.19,1.823,301.5,15.2,-0.327849399,-0.107345473,P,8,8,8,3.44,3.44,3.44,24,10.32,0.709,51.66,
617,trimethylphosphaniumyl_P_CCC.log:,6.271,5.851,6.087,6.274,6.299,6.285,6.205,6.201,0.76,0.501,0.553,0.531,0.556,0.368,0.552,0.352,0.566,0.319,0.406,0.575,0.406,0.574,0.388,0.563,0.408,0.576,0.409,0.577,0.392,0.565,0.372,0.557,6.27,6.29,6.29,6.3,7.46,7.53,7.29,7.44,6.09,-0.347,-0.673,6.842463992,-2.983796296,6.842463992,2.924768519,0.381975871,76.079,67.007,76.04418692,26,0,0,0,0,0,-666,-666,-666,-7.08E-16,-0.244322203,-0.056784888,-2.499495253,-1.41E-16,-2.383059614,-1.76E-16,-0.90851202,5.022717526,137.485298,11.07735027,10.9472136,2.841640786,5.366025404,5.170820393,2.01246118,0.335410197,1.00623059,0,0,0,0,0.43,161.5068868,0.337325917,1.72154519,26.87456463,41.61355514,0,0,0,0,0,40.03735666,0,0,0,0,0,0,0,0,12.33682701,7.921588092,0,0,0,0,19.77894157,0,0,0,0,0,0,7.921588092,19.77894157,0,0,12.33682701,0,0,0,0,0,27.70052966,0,0,0,0,0,0,0,0,0,12.33682701,61.58217593,0,0,0,0,0,0,0,-8.774305556,-2.983796296,1,4,0,0,0,0,0,0,0,0,0,0,1,-666,0,0,0,-666,1.3577,24.692,0,0,0,0,0,0,0,0,0,0,0,0,0,0,0,0,0,0,0,0,0,0,0,0,0,0,0,0,0,0,0,0,0,0,0,0,-666,0,0,0,0,0,0,0,0,0,0,0,0,0,0,0,0,0,-666,0,0,0,0,0,0,0,0,0,0,0,0,0,0,0,0,0,0,0,0,0,0,0,0,0,0,0,0,-666,0,1,100,15,30.973762,0.746607,25,5,2.19,1.823,245,15.1,-0.313778739,-0.109772791,P,6,6,6,2.55,2.55,2.55,18,7.65,0.858,49.071,
622,triphenylphosphanyliumyl_P_CCC.log:,10.511,9.044,9.33,10.541,10.748,10.631,9.707,9.539,0.571,0.359,0.223,0.246,0.231,0.178,0.23,0.17,0.249,0.225,0.235,0.265,0.234,0.265,0.218,0.25,0.236,0.266,0.237,0.268,0.221,0.253,0.215,0.243,9.37,10.14,10.07,10.23,8.02,8.31,7.92,7.95,9.32,-0.251,-0.435,8.382756992,-2.80037037,8.382756992,0.515684051,0.634211574,262.292,247.172,262.0911371,92,0,0,0,0,0,-666,-666,-666,11.12971301,-0.094148367,0.481379002,-2.397227241,0.540367297,-2.380703873,2.700196446,-0.444984223,2.579268877,1150.290997,25.96965511,24.4472136,10.34164079,15.66025404,12.67082039,6.51246118,3.25623059,5.26869177,2.13123059,4.14369177,1.401025492,3.078076475,0.43,16134637.82,4.972847356,7.441637218,3.748712373,136.2935891,0,0,0,0,0,135.2066214,0,0,0,0,0,0,0,0,20.56137834,7.921588092,0,0,0,0,0,106.723655,0,0,0,0,0,7.921588092,0,0,0,20.56137834,106.723655,0,0,0,0,114.6452431,0,0,0,0,0,0,0,0,0,20.56137834,121.8971731,0,0,-1.547052154,0,0,-11.47567649,0,0,-2.80037037,0,19,0,0,0,0,0,0,0,0,0,0,1,-666,0,0,0,-666,5.498,86.009,0,0,0,0,0,0,0,0,0,0,0,0,0,0,0,0,0,0,0,0,0,0,0,0,0,0,18,0,0,0,0,0,0,0,0,0,-666,0,0,0,0,0,0,0,0,0,0,0,0,0,0,0,0,0,-666,0,0,0,0,0,0,0,0,0,0,0,0,0,0,0,0,0,0,0,0,0,0,0,0,0,0,0,0,-666,0,1,100,15,30.973762,0.746607,25,5,2.19,1.823,486,20.3,-0.333678243,-0.244590867,P,6,6,6,2.55,2.55,2.55,18,7.65,0.689,68.563,
141,"1,1,1,3,3,3-hexamethyl-2-__trimethylsilyl_oxy_trisilan-2-yl_Si_SiSiO.log:",3.182,2.426,2.462,3.145,3.335,3.179,2.628,2.504,0.736,0.577,0.6,0.589,0.604,0.449,0.598,0.429,0.617,0.397,0.517,0.625,0.512,0.626,0.494,0.608,0.519,0.625,0.516,0.629,0.498,0.612,0.509,0.624,2.59,3.2,3.14,3.28,1.08,1.12,1.05,1.07,2.45,-0.334,-0.53,8.033187516,-7.194598765,8.033187516,4.392713057,0.703526847,263.658,236.442,263.1138966,85,0,0,0,0,0,-666,-666,-666,-6.97E-16,-0.246410263,-3.52E-16,-2.745971043,-4.48E-16,-2.87232725,-3.72E-16,-0.949507278,9.445686753,754.7280516,34.28445705,33.90824829,10.90824829,17.08915195,16.65824829,12.47474487,2.612372436,17.17423461,0.936341399,17.0141899,0.587436218,15.86077788,0.827532468,15164229.83,1.700795083,4.366294187,5.646104972,132.6508079,0,0,0,0,0,130.9776072,0,0,0,0,0,0,0,0,41.12562812,31.57548262,0,0,0,58.27649644,0,0,0,0,0,0,0,0,31.57548262,4.115147098,0,37.01048102,0,58.27649644,0,0,-666,89.85197906,0,0,0,0,0,0,0,0,0,41.12562812,220.2933925,0,0,0,0,0,0,0,-40.20099285,-27.33314043,1,14,0,1,0,0,0,0,0,0,1,0,5,-666,0,0,0,-666,3.6626,76.877,0,0,0,0,0,0,0,0,0,0,0,0,0,0,0,0,0,0,0,0,0,0,0,0,0,0,0,0,0,0,0,0,0,0,0,0,-666,0,0,0,0,0,0,0,0,0,0,0,0,0,0,0,0,0,-666,0,0,0,0,0,0,0,0,0,0,0,0,0,0,0,0,0,0,0,0,0,0,0,0,0,0,0,0,-666,0,0,110,14,28.085,1.3895211,37.3,4,1.9,2.3296,504.5,20.4,-0.322054451,-0.263252728,Si,14,14,8,1.9,1.9,3.44,36,7.24,0.818,69.958,
142,"1,1,1,3,3,3-hexamethyl-2-_trimethylsilyl_trisilan-2-yl_Si_SiSiSi.log:",3.849,3.041,3.059,3.873,4.022,3.936,3.258,3.132,0.789,0.555,0.733,0.688,0.722,0.498,0.711,0.476,0.766,0.318,0.58,0.75,0.579,0.75,0.548,0.733,0.582,0.751,0.585,0.753,0.554,0.736,0.57,0.749,3.18,3.86,3.8,3.95,1.38,1.44,1.37,1.38,3.05,-0.364,-0.645,8.108719136,-7.393981481,8.108719136,4.599408436,0.666886717,247.659,220.443,247.118982,79,0,0,0,0,0,-666,-666,-666,-1.17E-15,-0.246405249,-2.48E-16,-2.811855942,-4.6E-16,-2.945570409,-2.98E-16,-0.940099454,10.10105659,663.7111772,33.57735027,33.5,10.5,16.6160254,16.5,13.5,2.625,23.625,1.125,30.375,0.84375,22.78125,0.867532468,9192424.821,1.444611353,3.789802429,4.26900785,127.0791009,0,0,0,0,0,125.4104617,0,0,0,0,0,0,0,0,37.01048102,30.12348429,0,0,0,58.27649644,0,0,0,0,0,0,0,0,30.12348429,0,0,37.01048102,0,58.27649644,0,0,0,88.39998073,0,0,0,0,0,0,0,0,0,37.01048102,218.9354167,0,0,0,0,0,0,0,-41.39467593,-28.28148148,1,13,0,0,0,0,0,0,0,0,0,0,4,-666,0,0,0,-666,3.731,75.792,0,0,0,0,0,0,0,0,0,0,0,0,0,0,0,0,0,0,0,0,0,0,0,0,0,0,0,0,0,0,0,0,0,0,0,0,-666,0,0,0,0,0,0,0,0,0,0,0,0,0,0,0,0,0,-666,0,0,0,0,0,0,0,0,0,0,0,0,0,0,0,0,0,0,0,0,0,0,0,0,0,0,0,0,-666,0,0,110,14,28.085,1.3895211,37.3,4,1.9,2.3296,477.1,20.3,-0.331757084,-0.272145813,Si,14,14,14,1.9,1.9,1.9,42,5.7,0.862,76.129,
461,diethoxy_methyl_silyl_Si_COO.log:,2.726,2.117,2.214,2.589,2.837,2.593,2.217,2.101,0.766,0.7,0.526,0.522,0.544,0.433,0.536,0.425,0.538,0.383,0.508,0.559,0.489,0.558,0.495,0.546,0.51,0.559,0.491,0.56,0.496,0.549,0.508,0.568,2.37,2.87,2.83,2.93,0.94,0.95,0.9,0.92,2.21,-0.351,-0.473,7.166160242,-3.908976337,7.166160242,3.206481481,0.536045707,133.243,120.139,133.0684812,49,0,0,0,0,0,-666,-666,-666,-4.27E-16,-0.249073853,-2E-16,-2.479407901,-3.86E-16,-2.532804807,-2E-16,-1.057637575,5.382970032,325.0437952,17.49156383,16.81649658,4.816496581,8.812278497,8.066496581,2.882993162,0.695705769,1.678869017,0.287457479,0.862372436,0.113531036,0.340593109,0.136883117,6735.702448,1.022093785,5.277000306,4.299832285,70.91504537,0,0,0,0,0,69.25257083,0,0,0,0,0,0,0,0,26.67187128,9.283778554,0,0,0,20.17895051,13.11797049,0,0,0,0,0,0,0,22.40174904,8.852010052,0,31.52364546,0,6.475166271,0,0,-666,42.58069955,0,0,0,0,0,0,0,0,8.852010052,17.81986123,99.86530998,0,0,0,0,0,0,0,-16.78040772,-3.908976337,1,8,0,2,0,0,0,0,0,0,2,0,3,-666,0,0,0,-666,1.1774,34.87,0,0,0,0,0,0,0,0,0,0,0,0,0,0,0,0,0,0,0,0,0,0,0,0,0,0,0,0,0,0,0,0,0,0,0,0,-666,0,0,0,0,0,0,0,0,0,0,0,0,0,0,0,0,0,-666,0,0,0,0,0,0,0,0,0,0,0,0,0,0,0,0,0,0,0,0,0,0,0,0,0,0,0,0,-666,0,0,110,14,28.085,1.3895211,37.3,4,1.9,2.3296,349.1,15.7,-0.404442855,-0.281205163,Si,6,8,8,2.55,3.44,3.44,22,9.43,0.879,50.948,
486,ethoxydimethylsilyl_Si_CCO.log:,2.64,2.07,2.173,2.577,2.753,2.6,2.178,2.076,0.786,0.605,0.579,0.572,0.599,0.421,0.59,0.406,0.584,0.382,0.483,0.606,0.474,0.606,0.467,0.594,0.484,0.606,0.477,0.608,0.47,0.597,0.485,0.615,2.3,2.81,2.76,2.87,0.9,0.9,0.86,0.87,2.17,-0.318,-0.529,7.075462963,-3.650090021,7.075462963,3.047106481,0.478224472,103.217,92.129,103.0579165,37,0,0,0,0,0,-666,-666,-666,-3.86E-16,-0.248462549,-1.78E-16,-2.48030535,-2.29E-16,-2.506717842,-2.69E-16,-1.053937223,5.173602081,246.1156711,14.28445705,13.90824829,3.90824829,7.08915195,6.65824829,2.566496581,0.53324829,1.395620726,0.153093109,0.459279327,0.051031036,0.153093109,0.176883117,1189.409193,0.632581385,3.370049541,4.176883117,56.5032885,0,0,0,0,0,54.90581665,0,0,0,0,0,0,0,0,19.50434914,9.040257602,0,0,0,19.80222466,6.558985243,0,0,0,0,0,0,0,15.59924285,4.426005026,0,21.93023624,0,12.95033254,0,0,-666,35.40146751,0,0,0,0,0,0,0,0,4.426005026,15.07834412,80.72229938,0,0,0,0,0,0,0,-12.64628344,-3.650090021,1,6,0,1,0,0,0,0,0,0,1,0,2,-666,0,0,0,-666,1.274,29.108,0,0,0,0,0,0,0,0,0,0,0,0,0,0,0,0,0,0,0,0,0,0,0,0,0,0,0,0,0,0,0,0,0,0,0,0,-666,0,0,0,0,0,0,0,0,0,0,0,0,0,0,0,0,0,-666,0,0,0,0,0,0,0,0,0,0,0,0,0,0,0,0,0,0,0,0,0,0,0,0,0,0,0,0,-666,0,0,110,14,28.085,1.3895211,37.3,4,1.9,2.3296,301.5,15.6,-0.389256852,-0.275453747,Si,8,6,6,3.44,2.55,2.55,20,8.54,0.874,49.702,
524,methoxytrimethylsilanidyl_Si_CCO.log:,1.572,0.897,0.597,1.749,7.173,2.362,0.851,0.851,0.071,0.139,0.133,0.135,0.058,0.362,0.058,0.27,0.182,0.057,0.159,0.067,0.159,0.073,0.145,0.062,0.161,0.066,0.163,0.074,0.146,0.065,0.165,0.054,0.35,0.37,0.3,1.18,1.93,2.11,2.12,2.69,0.6,0.11,0.056,7.128395062,-5.598186728,7.128395062,3.413271605,0.457653012,104.225,92.129,104.0657415,38,0,0,0,0,0,-666,-666,-666,-4.89E-16,-0.245834761,-1.45E-16,-2.605118516,-4.19E-16,-2.65195799,-3.67E-16,-0.976902735,6.097880983,255.1210712,15.20710678,14.90824829,3.90824829,7.457106781,7.15824829,3.066496581,0.78324829,2.349744871,0.153093109,0.459279327,0,0,0.176883117,1549.63878,0.561070431,1.753481781,4.176883117,57.31158438,0,0,0,0,0,55.65595223,0,0,0,0,0,0,0,0,20.8751077,8.317393253,0,0,0,19.42549881,7.037952459,0,0,0,0,0,0,0,15.35534571,4.426005026,0,16.44910267,0,19.42549881,0,0,-666,34.78084453,0,0,0,0,0,0,0,0,4.426005026,16.44910267,88.79548611,0,0,0,0,0,0,0,-10.58958333,-9.011458333,1,6,0,1,0,0,0,0,0,0,1,0,2,-666,0,0,0,-666,1.4677,30.355,0,0,0,0,0,0,0,0,0,0,0,0,0,0,0,0,0,0,0,0,0,0,0,0,0,0,0,0,0,0,0,0,0,0,0,0,-666,0,0,0,0,0,0,0,0,0,0,0,0,0,0,0,0,0,-666,0,0,0,0,0,0,0,0,0,0,0,0,0,0,0,0,0,0,0,0,0,0,0,0,0,0,0,0,-666,0,-1,110,14,28.085,1.3895211,37.3,4,1.9,2.3296,293.6,15.7,-0.38782372,-0.123687833,Si,6,6,8,2.55,2.55,3.44,20,8.54,0.208,63.825,
605,triethoxysilyl_Si_OOO.log:,2.958,2.274,2.375,2.737,3.075,2.719,2.367,2.229,0.774,0.857,0.525,0.521,0.538,0.445,0.529,0.449,0.555,0.398,0.527,0.571,0.494,0.565,0.513,0.557,0.53,0.572,0.496,0.568,0.513,0.56,0.521,0.575,2.54,3.08,3.03,3.14,1.02,1.02,0.97,1,2.37,-0.378,-0.463,7.256857521,-4.167862654,7.256857521,3.463263653,0.548377266,163.269,148.149,163.0790459,61,0,0,0,0,0,-666,-666,-666,-1.55E-16,-0.249073853,-3.54E-16,-2.476142409,-4.39E-16,-2.55051349,-3.83E-17,-1.060648738,5.696584273,383.0852968,20.69867061,19.72474487,5.724744871,10.53540504,9.474744871,3.199489743,0.862372436,1.974744871,0.403093109,1.209279327,0.1875,0.5625,0.096883117,35717.79609,1.438966939,7.206810879,4.92796876,85.32680224,0,0,0,0,0,83.59932501,0,0,0,0,0,0,0,0,33.83939342,9.527299507,0,0,0,20.55567635,19.67695573,0,0,0,0,0,0,0,29.20425524,13.27801508,0,41.11705469,0,0,0,0,-666,49.75993159,0,0,0,0,0,0,0,0,13.27801508,20.56137834,119.1593559,0,0,0,0,0,0,0,-21.06556729,-4.167862654,1,10,0,3,0,0,0,0,0,0,3,0,4,-666,0,0,0,-666,1.0808,40.632,0,0,0,0,0,0,0,0,0,0,0,0,0,0,0,0,0,0,0,0,0,0,0,0,0,0,0,0,0,0,0,0,0,0,0,0,-666,0,0,0,0,0,0,0,0,0,0,0,0,0,0,0,0,0,-666,0,0,0,0,0,0,0,0,0,0,0,0,0,0,0,0,0,0,0,0,0,0,0,0,0,0,0,0,-666,0,0,110,14,28.085,1.3895211,37.3,4,1.9,2.3296,404.1,15.9,-0.409716738,-0.284024497,Si,8,8,8,3.44,3.44,3.44,24,10.32,0.906,51.641,
606,triethylsilyl_Si_CCC.log:,2.761,2.192,2.277,2.779,2.888,2.825,2.314,2.218,0.809,0.544,0.654,0.647,0.689,0.451,0.679,0.428,0.654,0.381,0.508,0.687,0.507,0.686,0.489,0.676,0.509,0.687,0.511,0.688,0.493,0.678,0.51,0.695,2.37,2.93,2.88,3,0.95,0.95,0.91,0.92,2.27,-0.335,-0.625,7.575591564,-4.43287037,7.575591564,3.584825103,0.495806872,115.272,100.152,115.094302,43,0,0,0,0,0,-666,-666,-666,-3.52E-16,-2.189953855,-0.066942962,-2.61331812,-0.139159625,-2.645819828,-3.98E-17,-2.243927825,6.53393457,333.9128722,18.57735027,18.5,4.5,9.116025404,9,3,0.75,2.25,0.375,1.125,0.09375,0.28125,0.216883117,8826.466197,0.619629247,4.377735425,2.86029235,69.61618097,0,0,0,0,0,67.90238851,0,0,0,0,0,0,0,0,20.56137834,8.79673665,0,0,0,38.54427352,0,0,0,0,0,0,0,0,8.79673665,0,0,41.11705469,0,17.98859717,0,0,0,47.34101017,0,0,0,0,0,0,0,0,0,20.56137834,109.507716,0,0,0,0,-10.89444444,0,0,-10.75447531,-4.43287037,1,7,0,0,0,0,0,0,0,0,0,0,1,-666,0,0,0,-666,2.5409,37.197,0,0,0,0,0,0,0,0,0,0,0,0,0,0,0,0,0,0,0,0,0,0,0,0,0,0,0,0,0,0,0,0,0,0,0,0,-666,0,0,0,0,0,0,0,0,0,0,0,0,0,0,0,0,0,-666,0,0,0,0,0,0,0,0,0,0,0,0,0,0,0,0,0,0,0,0,0,0,0,0,0,0,0,0,-666,0,0,110,14,28.085,1.3895211,37.3,4,1.9,2.3296,323.1,16,-0.379604968,-0.277474681,Si,6,6,6,2.55,2.55,2.55,18,7.65,0.909,58.989,
618,trimethylsilyl_Si_CCC.log:,2.587,2.097,2.201,2.602,2.697,2.643,2.188,2.1,0.817,0.544,0.668,0.648,0.686,0.433,0.676,0.411,0.664,0.403,0.478,0.679,0.478,0.679,0.459,0.669,0.48,0.68,0.481,0.681,0.463,0.671,0.479,0.689,2.29,2.8,2.76,2.86,0.91,0.9,0.87,0.88,2.2,-0.303,-0.624,6.858924897,-3.391203704,6.858924897,2.887731481,0.379841376,73.191,64.119,73.04735182,25,0,0,0,0,0,-666,-666,-666,-2.49E-15,-0.244322203,-1.6E-16,-2.473969706,-0.186739145,-2.451999821,-3.2E-16,-0.936427763,5.022717526,137.485298,11.07735027,11,3,5.366025404,5.25,2.25,0.375,1.125,0,0,0,0,0.216883117,161.5068868,0.292375709,1.527743028,69.78933104,42.09153162,0,0,0,0,0,40.55906247,0,0,0,0,0,0,0,0,12.33682701,8.79673665,0,0,0,19.42549881,0,0,0,0,0,0,0,0,8.79673665,0,0,12.33682701,0,19.42549881,0,0,0,28.22223546,0,0,0,0,0,0,0,0,0,12.33682701,61.73032407,0,0,0,0,0,0,0,-8.663194444,-3.391203704,1,4,0,0,0,0,0,0,0,0,0,0,1,-666,0,0,0,-666,1.3706,23.346,0,0,0,0,0,0,0,0,0,0,0,0,0,0,0,0,0,0,0,0,0,0,0,0,0,0,0,0,0,0,0,0,0,0,0,0,-666,0,0,0,0,0,0,0,0,0,0,0,0,0,0,0,0,0,-666,0,0,0,0,0,0,0,0,0,0,0,0,0,0,0,0,0,0,0,0,0,0,0,0,0,0,0,0,-666,0,0,110,14,28.085,1.3895211,37.3,4,1.9,2.3296,252.1,15.4,-0.391199704,-0.272762663,Si,6,6,6,2.55,2.55,2.55,18,7.65,0.913,48.774,
623,triphenylsilyl_Si_CCC.log:,3.801,3.168,3.284,3.824,3.966,3.885,3.214,3.086,0.667,0.487,0.505,0.535,0.538,0.394,0.52,0.377,0.55,0.27,0.566,0.579,0.566,0.578,0.551,0.563,0.567,0.58,0.568,0.581,0.554,0.566,0.574,0.581,3.35,4.09,4.02,4.18,1.33,1.33,1.3,1.26,3.27,-0.308,-0.456,8.392016251,-3.335185185,8.392016251,0.478647014,0.499583218,259.404,244.284,259.094302,91,0,0,0,0,0,-666,-666,-666,10.61012967,-2.118747636,0.452247236,-2.371014391,0.491592416,-2.503189061,2.123564001,-2.127726122,2.579268877,1150.290997,25.96965511,24.5,10.5,15.66025404,12.75,6.75,3.375,5.625,2.25,4.5,1.5,3.375,0.216883117,16134637.82,4.861932771,7.28964464,3.652470373,136.7715656,0,0,0,0,0,135.7283272,0,0,0,0,0,0,0,0,20.56137834,8.79673665,0,0,0,0,0,106.3702122,0,0,0,0,0,0,8.79673665,0,0,20.56137834,106.3702122,0,0,0,0,115.1669489,0,0,0,0,0,0,0,0,0,20.56137834,122.0006299,0,0,-1.435941043,0,0,-11.30357773,0,0,-3.335185185,0,19,0,0,0,0,0,0,0,0,0,0,1,-666,0,0,0,-666,4.256,84.843,0,0,0,0,0,0,0,0,0,0,0,0,0,0,0,0,0,0,0,0,0,0,0,0,0,0,18,0,0,0,0,0,0,0,0,0,-666,0,0,0,0,0,0,0,0,0,0,0,0,0,0,0,0,0,-666,0,0,0,0,0,0,0,0,0,0,0,0,0,0,0,0,0,0,0,0,0,0,0,0,0,0,0,0,-666,0,0,110,14,28.085,1.3895211,37.3,4,1.9,2.3296,492.1,20.2,-0.386035884,-0.289486408,Si,6,6,6,2.55,2.55,2.55,18,7.65,0.858,66.199,
628,tris_propan-2-yl_silyl_Si_CCC.log:,2.717,2.169,2.229,2.734,2.842,2.78,2.285,2.193,0.819,0.539,0.686,0.66,0.75,0.463,0.739,0.437,0.687,0.307,0.535,0.75,0.534,0.75,0.514,0.739,0.536,0.751,0.538,0.752,0.518,0.741,0.532,0.755,2.33,2.88,2.83,2.95,0.98,0.99,0.94,0.96,2.22,-0.347,-0.69,8.29225823,-5.474537037,8.29225823,4.196283436,0.547849058,157.353,136.185,157.1412522,61,0,0,0,0,0,-666,-666,-666,-2.13E-15,-0.249141065,-3.29E-16,-2.744126301,-0.091645955,-2.661868277,-5.32E-16,-1.080142589,8.287675185,502.3600438,26.07735027,26,6,12.8660254,12.75,3.75,1.5,3.75,0.75,2.25,0.375,1.125,0.216883117,336155.212,0.950576899,4.169437431,2.867382397,97.14083031,0,0,0,0,0,95.24571455,0,0,0,0,0,0,0,0,28.78592968,8.79673665,0,0,0,57.66304822,0,0,0,0,0,0,0,0,8.79673665,0,0,69.89728238,0,16.55169552,0,0,0,66.45978487,0,0,0,0,0,0,0,0,0,28.78592968,160.953858,0,0,0,-13.12569444,0,0,0,-25.17770062,-5.474537037,1,10,0,0,0,0,0,0,0,0,0,0,1,-666,0,0,0,-666,3.7112,51.048,0,0,0,0,0,0,0,0,0,0,0,0,0,0,0,0,0,0,0,0,0,0,0,0,0,0,0,0,0,0,0,0,0,0,0,0,-666,0,0,0,0,0,0,0,0,0,0,0,0,0,0,0,0,0,-666,0,0,0,0,0,0,0,0,0,0,0,0,0,0,0,0,0,0,0,0,0,0,0,0,0,0,0,0,-666,0,0,110,14,28.085,1.3895211,37.3,4,1.9,2.3296,376.7,16.7,-0.371639345,-0.277984863,Si,6,6,6,2.55,2.55,2.55,18,7.65,0.903,69.886,
602,tributylstannyl_Sn_CCC.log:,3.846,3.456,3.585,3.881,4.101,3.974,3.049,2.893,0.796,0.566,0.668,0.667,0.697,0.437,0.676,0.412,0.684,0.425,0.418,0.72,0.417,0.719,0.381,0.689,0.42,0.722,0.424,0.725,0.388,0.695,0.341,0.658,3.43,4.37,4.28,4.49,1.32,1.21,1.26,1.33,3.57,-0.257,-0.539,8.363501039,-7.252575,8.363501039,4.087132634,0.530724031,290.059,262.843,291.1134706,79,0,0,0,0,0,-666,-666,-666,0,0,0,0,0,0,0,0,8.210940789,792.3969022,33.57735027,33.5,9.354101966,16.6160254,16.5,7.281152949,1.5,5.781152949,0.75,3.960864712,0.375,2.515576475,0.798701299,14369868.05,1.427027096,10.87683423,9.111233008,130.1689951,0,0,0,0,0,128.72984,0,0,0,0,0,0,0,0,37.01048102,19.75959584,0,0,0,71.95976319,0,0,0,0,0,0,0,0,19.75959584,0,0,95.80370678,0,13.16653743,0,0,0,91.71935902,0,0,0,0,0,0,0,0,0,37.01048102,196.9378257,-7.252575,0,0,0,0,0,-26.87718608,-12.2613979,0,1,13,0,0,0,0,0,0,0,0,0,0,1,-666,0,0,0,-666,4.8815,64.899,0,0,0,0,0,0,0,0,0,0,0,0,0,0,0,0,0,0,0,0,0,0,0,0,0,0,0,0,0,0,0,0,0,0,0,0,-666,0,0,0,0,0,0,0,0,0,0,0,0,0,0,0,0,0,-666,0,0,0,0,0,0,0,0,0,0,0,0,0,0,0,0,0,0,0,0,0,0,0,0,0,0,0,0,-666,0,0,145,50,118.71,1.112067,53,4,1.96,7.287,500.2,17.8,-0.384243188,-0.328987197,Sn,6,6,6,2.55,2.55,2.55,18,7.65,0.821,58.781,
619,trimethylstannyl_Sn_CCC.log:,3.885,3.491,3.685,3.918,4.131,4.008,3.087,2.928,0.82,0.605,0.705,0.694,0.733,0.487,0.714,0.456,0.707,0.516,0.471,0.741,0.47,0.741,0.429,0.716,0.474,0.743,0.478,0.745,0.438,0.721,0.382,0.691,3.53,4.46,4.38,4.58,1.3,1.17,1.23,1.29,3.68,-0.253,-0.591,6.901064815,-4.434166667,6.901064815,2.792916667,0.473801378,163.816,154.744,164.97262,25,0,0,0,0,0,-666,-666,-666,0,0,0,0,0,0,0,0,5.022717526,137.485298,11.07735027,11,4.854101966,5.366025404,5.25,5.031152949,0.375,2.515576475,0,0,0,0,0.798701299,161.5068868,0.422729155,2.061949162,14.19403476,47.59504702,0,0,0,0,0,46.69986192,0,0,0,0,0,0,0,0,12.33682701,19.75959584,0,0,0,14.60343907,0,0,0,0,0,0,0,0,19.75959584,0,0,12.33682701,0,14.60343907,0,0,0,34.36303491,0,0,0,0,0,0,0,0,0,12.33682701,62.10958333,-4.434166667,-8.37875,0,0,0,0,0,0,0,1,4,0,0,0,0,0,0,0,0,0,0,1,-666,0,0,0,-666,1.3706,23.346,0,0,0,0,0,0,0,0,0,0,0,0,0,0,0,0,0,0,0,0,0,0,0,0,0,0,0,0,0,0,0,0,0,0,0,0,-666,0,0,0,0,0,0,0,0,0,0,0,0,0,0,0,0,0,-666,0,0,0,0,0,0,0,0,0,0,0,0,0,0,0,0,0,0,0,0,0,0,0,0,0,0,0,0,-666,0,0,145,50,118.71,1.112067,53,4,1.96,7.287,269.6,16.6,-0.398549787,-0.324467883,Sn,6,6,6,2.55,2.55,2.55,18,7.65,0.846,47.005,
624,triphenylstannyl_Sn_CCC.log:,4.827,4.531,4.747,4.866,5.115,4.972,3.899,3.713,0.789,0.579,0.61,0.659,0.647,0.391,0.616,0.39,0.67,0.412,0.484,0.707,0.484,0.706,0.461,0.672,0.486,0.709,0.488,0.712,0.466,0.679,0.441,0.639,4.61,5.8,5.69,5.95,1.73,1.57,1.67,1.71,4.73,-0.29,-0.451,8.415719955,-4.704311111,8.415719955,0.3838322,0.635856571,350.029,334.909,351.0195702,91,0,0,0,0,0,-666,-666,-666,0,0,0,0,0,0,0,0,2.579268877,1150.290997,25.96965511,24.5,12.35410197,15.66025404,12.75,9.531152949,3.375,9.796729424,2.25,8.671729424,1.5,6.851441187,0.798701299,16134637.82,5.166868568,7.706469477,3.917547576,142.275081,0,0,0,0,0,141.8691267,0,0,0,0,0,0,0,0,20.56137834,19.75959584,0,0,0,0,0,101.5481525,0,0,0,0,0,0,19.75959584,0,0,20.56137834,101.5481525,0,0,0,0,110.540672,0,0,10.76707631,0,0,0,0,0,0,20.56137834,121.1139827,-4.704311111,0,0,0,0,-10.86300489,0,0,0,0,19,0,0,0,0,0,0,0,0,0,0,1,-666,0,0,0,-666,4.256,84.843,0,0,0,0,0,0,0,0,0,0,0,0,0,0,0,0,0,0,0,0,0,0,0,0,0,0,18,0,0,0,0,0,0,0,0,0,-666,0,0,0,0,0,0,0,0,0,0,0,0,0,0,0,0,0,-666,0,0,0,0,0,0,0,0,0,0,0,0,0,0,0,0,0,0,0,0,0,0,0,0,0,0,0,0,-666,0,0,145,50,118.71,1.112067,53,4,1.96,7.287,510.6,20.7,-0.38784814,-0.33045866,Sn,6,6,6,2.55,2.55,2.55,18,7.65,0.786,60.053,
431,bromanyl,6.142,5.736,5.853,6.155,6.232,6.189,5.766,5.669,1,1,1,1,1,1,1,1,1,1,1,1,1,1,1,1,1,1,1,1,1,1,1,1,1,7.16,8.03,7.96,8.13,3.52,3.46,3.47,3.48,5.85,-1,-1,0,0,0,0,0.40413095,79.904,79.904,78.9183371,7,0,0,0,0,0,-666,-666,-666,79.904,79.904,0,0,0.8456,0.8456,8.927,8.927,0,0,0,0.377964473,1.963961012,0,0,0,0,0,0,0,0,0,0.48,0,1.48,0.563333333,4.813333333,17.88117987,0,0,0,0,0,0,0,0,0,0,0,0,16.98145085,0,0,16.98145085,0,0,0,0,0,0,0,0,0,0,0,16.98145085,0,0,0,0,0,0,0,0,0,0,0,0,16.98145085,0,0,0,0,0,0,0,0,0,0,0,0,0,0,0,0,0,0,1,0,0,0,0,0,0,0,0,0,0,1,0,0,0,0,-666,0.8456,8.927,0,0,0,0,0,0,0,0,0,0,0,0,0,0,0,0,0,0,0,0,0,0,0,0,0,0,0,0,0,0,0,0,0,0,0,0,0,0,0,0,0,0,0,0,1,0,0,0,0,0,0,0,0,0,0,0,0,0,0,0,0,0,0,0,0,0,0,0,0,0,0,0,0,0,0,0,0,0,0,0,0,0,0,0,0,0,115,35,79.904,3.3635882,21,7,2.96,3.1028,132.7,13.3,-0.462630769,-0.462630769,Br,0,0,0,0,0,0,0,0,1,0
439,chloranyl,7.194,6.398,6.509,7.213,7.329,7.263,6.638,6.499,1,1,1,1,1,1,1,1,1,1,1,1,1,1,1,1,1,1,1,1,1,1,1,1,1,6.95,7.69,7.63,7.77,3.6,3.62,3.57,3.62,6.51,-1,-1,0,0,0,0,0.370100263,35.453,35.453,34.96885268,7,0,0,0,0,0,-666,-666,-666,35.453,35.453,0,0,0.6895,0.6895,5.853,5.853,0,0,0,0.377964473,1.133893419,0,0,0,0,0,0,0,0,0,0.29,0,1.29,1.738275862,10.08310345,13.52157101,0,0,0,0,0,0,0,0,0,0,0,0,12.40703316,0,0,12.40703316,0,0,0,0,0,0,0,0,0,0,0,12.40703316,0,0,0,0,0,0,0,0,0,0,0,0,12.40703316,0,0,0,0,0,0,0,0,0,0,0,0,0,0,0,0,0,0,1,0,0,0,0,0,0,0,0,0,0,1,0,0,0,0,-666,0.6895,5.853,0,0,0,0,0,0,0,0,0,0,0,0,0,0,0,0,0,0,0,0,0,0,0,0,0,0,0,0,0,0,0,0,0,0,0,0,0,0,0,0,0,0,0,0,1,0,0,0,0,0,0,0,0,0,0,0,0,0,0,0,0,0,0,0,0,0,0,0,0,0,0,0,0,0,0,0,0,0,0,0,0,0,0,0,0,0,100,17,35.45,3.612725,14.6,7,3.16,0.002898,124.7,10.8,-0.465752036,-0.465752036,Cl,0,0,0,0,0,0,0,0,1,0
493,fluoranyl,6.898,6.282,6.537,6.912,6.999,6.95,6.473,6.364,1,1,1,1,1,1,1,1,1,1,1,1,1,1,1,1,1,1,1,1,1,1,1,1,1,6.31,6.71,6.68,6.75,3.98,3.88,3.85,3.9,6.54,-1,-1,0,0,0,0,0.356650048,18.998,18.998,18.99840322,7,0,0,0,0,0,-666,-666,-666,18.998,18.998,0,0,0.4202,0.4202,1.108,1.108,0,0,0,0.377964473,0.377964473,0,0,0,0,0,0,0,0,0,-0.07,0,0.93,-16.35571429,-61.21285714,6.097140724,0,0,0,0,0,0,0,0,0,0,0,0,4.704396382,0,4.704396382,0,0,0,0,0,0,0,0,0,0,4.704396382,0,0,0,0,0,0,0,0,0,0,0,0,0,0,4.704396382,0,0,0,0,0,0,0,0,0,0,0,0,0,0,0,0,0,0,1,0,0,0,0,0,0,0,0,0,0,1,0,0,0,0,-666,0.4202,1.108,0,0,0,0,0,0,0,0,0,0,0,0,0,0,0,0,0,0,0,0,0,0,0,0,0,0,0,0,0,0,0,0,0,0,0,0,0,0,0,0,0,0,0,0,1,0,0,0,0,0,0,0,0,0,0,0,0,0,0,0,0,0,0,0,0,0,0,0,0,0,0,0,0,0,0,0,0,0,0,0,0,0,0,0,0,0,50,9,18.99840316,3.4011897,3.74,7,3.98,0.001553,103.5,6.2,-0.578676277,-0.578676277,F,0,0,0,0,0,0,0,0,1,0
505,hydrogen,4.57,3.764,4.16,4.599,4.78,4.677,3.829,3.668,1,1,1,1,1,1,1,1,1,1,1,1,1,1,1,1,1,1,1,1,1,1,1,1,1,3.78,4.32,4.28,4.38,1.79,1.69,1.69,1.76,4.16,-1,-1,0,0,0,0,0.342642558,1.008,0,1.007825032,1,0,0,0,0,0,-666,-666,-666,1.008,1.008,0,0,0.1125,0.1125,1.112,1.112,0,0,0,1,0,0,0,0,0,0,0,0,0,0,0,0,0,0,0,2.853276129,0,0,0,0,0,0,0,0,0,0,0,0,1.426638065,0,1.426638065,0,0,0,0,0,0,0,0,0,0,0,0,0,0,0,0,1.426638065,0,0,0,0,0,0,0,0,1.426638065,0,0,0,0,0,0,0,0,0,0,0,0,0,0,0,0,0,0,0,0,0,0,0,0,0,0,0,0,0,0,0,0,0,0,-666,0.1125,1.112,0,0,0,0,0,0,0,0,0,0,0,0,0,0,0,0,0,0,0,0,0,0,0,0,0,0,0,0,0,0,0,0,0,0,0,0,0,0,0,0,0,0,0,0,0,0,0,0,0,0,0,0,0,0,0,0,0,0,0,0,0,0,0,0,0,0,0,0,0,0,0,0,0,0,0,0,0,0,0,0,0,0,0,0,0,0,25,1,1.008,0.754195,4.50711,1,2.2,0.000082,78.5,6.1,-0.393482764,-0.393482764,H,0,0,0,0,0,0,0,0,1,0
511,iodanyl,8.829,7.854,8.013,8.882,9.22,9.027,7.435,7.13,1,1,1,1,1,1,1,1,1,1,1,1,1,1,1,1,1,1,1,1,1,1,1,1,1,7.21,8.26,8.17,8.38,3.3,3.14,3.27,3.27,8.01,-1,-1,0,0,0,0,0.423471811,126.904,126.904,126.904473,7,0,0,0,0,0,-666,-666,-666,126.904,126.904,0,0,0.8857,0.8857,14.02,14.02,0,0,0,0.377964473,2.535462764,0,0,0,0,0,0,0,0,0,0.73,0,1.73,0.099863014,2.209452055,24.51227018,0,0,0,0,0,0,0,0,0,0,0,0,23.97664013,0,0,23.97664013,0,0,0,0,0,0,0,0,0,0,0,23.97664013,0,0,0,0,0,0,0,0,0,0,0,0,23.97664013,0,0,0,0,0,0,0,0,0,0,0,0,0,0,0,0,0,0,1,0,0,0,0,0,0,0,0,0,0,1,0,0,0,0,-666,0.8857,14.02,0,0,0,0,0,0,0,0,0,0,0,0,0,0,0,0,0,0,0,0,0,0,0,0,0,0,0,0,0,0,0,0,0,0,0,0,0,0,0,0,0,0,0,0,1,0,0,0,0,0,0,0,0,0,0,0,0,0,0,0,0,0,0,0,0,0,0,0,0,0,0,0,0,0,0,0,0,0,0,0,0,0,0,0,0,0,140,53,126.90447,3.0590368,32.9,7,2.66,4.933,143.6,16.2,-0.447612607,-0.447612607,I,0,0,0,0,0,0,0,0,1,0
